count,word
16,exeter premedia
13, 
7,service exeter
7,premedia service
5,contact us
5,about us
4,kriya happyauthors
4,happy authors
3,read more
3,premedia exeter
2,you can
2,us events
2,us careers
2,us about
2,us 
2,that delivers
2,services editorial
2,services data
2,services artwork
2,resources blog
2,publishing platform
2,proud to
2,project management
2,platform that
2,of the
2,news contact
2,markup uk
2,management resources
2,kriyadocs services
2,kriya a
2,know more
2,independence day
2,exeterpremedia kriya
2,exeterpremedia exeter
2,exeter kriya
2,events news
2,editorial services
2,design project
2,delivers happy
2,delighted publishers
2,data services
2,blog about
2,authors and
2,at exeter
2,artwork 
2,and delighted
2,a cloudbased
2,2018 read
2, design
1,– 20th
1,© 2019
1,zeal and
1,you bountiful
1,you asap
1,yetanotherhackathon yah
1,yet another
1,years ago
1,year when
1,yah acmsvce
1,worldwide view
1,work february
1,work employees
1,with us
1,with traditional
1,with pride
1,with markup
1,wish you
1,will be
1,why do
1,when every
1,were not
1,well get
1,well at
1,we wish
1,we make
1,we keep
1,we are
1,way to
1,wave happy
1,view all
1,venkateswara college
1,venkataramani markup
1,usa 16467367767
1,us were
1,us sitemap
1,us on
1,us in
1,us at
1,us and
1,us an
1,unit3 level1
1,uk exeter
1,uk 442032872783
1,uk 
1,tweets 51
1,trusted by
1,traditional zeal
1,took a
1,to you
1,to work
1,to schedule
1,to ring
1,to have
1,to go
1,to be
1,this colorful
1,their eyes
1,their childhood
1,the year
1,the spell
1,the pdf
1,the occasion
1,the frankfurt
1,the excitement
1,the death
1,the brightest
1,the 73rd
1,that helps
1,that day
1,terms 
1,technical minds
1,tech park
1,taramani chennai
1,tamil nadu
1,svce yetanotherhackathon
1,svce parivalavan
1,stroll down
1,sri venkateswara
1,sports day
1,sponsored yet
1,spell of
1,sitemap 
1,set to
1,services trusted
1,services contact
1,services 
1,send us
1,send 
1,school sports
1,scholarlypublishing books
1,schedule a
1,salesexeterpremediacom follow
1,routine we
1,road taramani
1,ring into
1,rights reserved
1,right now
1,revisited their
1,reserved ©
1,request demo
1,ravi venkataramani
1,publishingservices automationplatform
1,publishers kriyadocs
1,publishers know
1,prosperity exeterpremedia
1,program that
1,productive exeterpremediaservices
1,privacy policy
1,pride in
1,premedia will
1,premedia services
1,premedia on
1,premedia india
1,premedia follow
1,premedia breaking
1,policy 
1,pinnacle csir
1,pdf february
1,patriotic fervor
1,part of
1,park unit3
1,parivalavan manoharan
1,our flagship
1,our flag
1,our employees
1,our daily
1,organizes a
1,onam we
1,on this
1,on location
1,office ascendas
1,offering kriya
1,of school
1,of our
1,of onam
1,of monotony
1,of fun
1,of engineering
1,october come
1,occasion with
1,now but
1,not around
1,news 
1,need another
1,natarajan augustine
1,nadu india
1,more productive
1,more discover
1,more about
1,more 25
1,more 24
1,more 23
1,monotony and
1,minds way
1,memory lane
1,meeting with
1,meet us
1,may our
1,markupuk2019 exeter
1,manoharan jaishankar
1,making collaboration
1,make exercise
1,long may
1,location copyright
1,living a
1,livewell exeter
1,live well
1,linkedin we
1,life we
1,level1 pinnacle
1,lane revisited
1,l38 httpslnkdingnidvdv
1,keep our
1,k exeterpremedia
1,journals publishingservices
1,jaishankar natarajan
1,its employees
1,it is
1,isoiec 27001
1,iso 9001
1,is that
1,is proud
1,is all
1,into the
1,international tech
1,indian beam
1,india is
1,india india
1,india corporate
1,india 914423452922
1,in their
1,in living
1,in advance
1,id april
1,i need
1,httpslnkdingnidvdv to
1,home 
1,helps its
1,healthylifestylemeet exeter
1,healthier happier
1,have sponsored
1,happyonam exeter
1,happyindependenceday exeter
1,happyemployees happyindependenceday
1,happyemployees exeter
1,happyauthors svce
1,happyauthors healthylifestylemeet
1,happyauthors happyonam
1,happyauthors cloudpublishing
1,happy independence
1,happy employees
1,happiness and
1,happier and
1,hall 42
1,hackathon at
1,go svce
1,get back
1,fun to
1,from 16th
1,frankfurtbookfair2019 exeterpremedia
1,frankfurt book
1,follow us
1,follow exeterpremedia
1,follow exeter
1,flagship offering
1,flag wave
1,fitness program
1,find us
1,festival of
1,fervor long
1,february 5
1,february 14
1,fbf19 exeter
1,fair 2019
1,eyes exeters
1,experienced all
1,exhibiting at
1,exeters happy
1,exeterpremediaservices livewell
1,exeterpremediaservices happyemployees
1,exeterpremedia blogs
1,exeter took
1,exeter ravi
1,exeter organizes
1,exeter is
1,exeter happyemployees
1,exeter fitness
1,exeter 
1,exercise a
1,excitement of
1,every indian
1,events 
1,epublishing digitalsolution
1,engineering and
1,employees in
1,employees healthier
1,employees celebrate
1,employees at
1,email and
1,down memory
1,do i
1,discover the
1,discover kriya
1,digitalsolution academicpublishing
1,demo publishing
1,death of
1,days and
1,day of
1,day exeterpremediaservices
1,day exeterpremedia
1,day celebration
1,dash of
1,daily routine
1,daily live
1,csir road
1,corporate office
1,copyright all
1,conditions 
1,come and
1,colorful festival
1,college of
1,collaboration work
1,cloudpublishing epublishing
1,cloudbased request
1,cloudbased publishing
1,clients worldwide
1,clients 
1,childhood days
1,chennai 600113
1,celebration it
1,celebrate the
1,careers kriyadocs
1,careers happy
1,careers 
1,can send
1,can find
1,by clients
1,but you
1,bringing a
1,brightest technical
1,breaking the
1,bountiful happiness
1,books journals
1,book fair
1,blogs making
1,blog 
1,better life
1,beam with
1,be exhibiting
1,be associated
1,back to
1,automationplatform fbf19
1,authors you
1,authors services
1,augustine k
1,at the
1,at sri
1,at hall
1,associated with
1,ascendas international
1,asap send
1,around right
1,are proud
1,april 9
1,another id
1,another hackathon
1,and well
1,and prosperity
1,and patriotic
1,and more
1,and meet
1,and know
1,and experienced
1,and discover
1,and bringing
1,an email
1,all tweets
1,all the
1,all set
1,all rights
1,ago follow
1,advance frankfurtbookfair2019
1,address india
1,acmsvce exeter
1,academicpublishing scholarlypublishing
1,about our
1,a stroll
1,a part
1,a meeting
1,a dash
1,a daily
1,a better
1,914423452922 uk
1,9001 
1,9 2018
1,73rd independence
1,600113 tamil
1,51 years
1,5 2018
1,442032872783 usa
1,42 l38
1,27001 
1,25 linkedin
1,24 the
1,23 why
1,20th october
1,2019 read
1,2019 markupuk2019
1,2019 from
1,2019 contact
1,2015 address
1,2013 
1,16th –
1,16467367767 salesexeterpremediacom
1,14 2019
1, terms
1, services
1, privacy
1, news
1, isoiec
1, iso
1, home
1, happy
1, exeter
1, events
1, contact
1, conditions
1, clients
1, careers
1, blog
1, about
1, 2019
1, 2015
1, 2013
