Site,Size(in kb)
https://www.exeterpremedia.com/wp-content/uploads/2019/06/british-institute-of-radiology.webp,https://www.exeterpremedia.com/wp-content/uploads/2019/06/british-institute-of-radiology.webp
https://www.exeterpremedia.com/events/,https://www.exeterpremedia.com/events/
https://www.exeterpremedia.com/services/,https://www.exeterpremedia.com/services/
https://www.exeterpremedia.com/wp-content/uploads/2019/06/bmj-group.webp,https://www.exeterpremedia.com/wp-content/uploads/2019/06/bmj-group.webp
https://www.exeterpremedia.com/wp-content/uploads/2019/06/walter-de-gruyter-gmbh-co.-kg.webp,https://www.exeterpremedia.com/wp-content/uploads/2019/06/walter-de-gruyter-gmbh-co.-kg.webp
https://www.exeterpremedia.com/wp-content/uploads/2019/06/john-benjamins-publishing-company.webp,https://www.exeterpremedia.com/wp-content/uploads/2019/06/john-benjamins-publishing-company.webp
https://www.exeterpremedia.com/wp-content/uploads/2019/06/journal-of-royal-medical-service.webp,https://www.exeterpremedia.com/wp-content/uploads/2019/06/journal-of-royal-medical-service.webp
https://www.exeterpremedia.com/wp-content/uploads/2019/06/stylus-publishing-llc.webp,https://www.exeterpremedia.com/wp-content/uploads/2019/06/stylus-publishing-llc.webp
https://www.exeterpremedia.com/wp-content/uploads/2019/06/the-british-editorial-society-of-bone-joint-surgery.webp,https://www.exeterpremedia.com/wp-content/uploads/2019/06/the-british-editorial-society-of-bone-joint-surgery.webp
https://www.exeterpremedia.com/about-us/,https://www.exeterpremedia.com/about-us/
https://www.exeterpremedia.com/wp-content/uploads/2019/06/atma-global-inc.webp,https://www.exeterpremedia.com/wp-content/uploads/2019/06/atma-global-inc.webp
https://www.exeterpremedia.com,https://www.exeterpremedia.com
https://www.exeterpremedia.com/wp-content/uploads/2019/06/springer-publishing-company.webp,https://www.exeterpremedia.com/wp-content/uploads/2019/06/springer-publishing-company.webp
https://www.exeterpremedia.com/wp-content/uploads/2019/06/paths-international.webp,https://www.exeterpremedia.com/wp-content/uploads/2019/06/paths-international.webp
https://www.exeterpremedia.com/why-do-i-need-another-id/,https://www.exeterpremedia.com/why-do-i-need-another-id/
https://www.exeterpremedia.com/services/#Editorial_Services,https://www.exeterpremedia.com/services/#Editorial_Services
https://www.exeterpremedia.com/wp-content/uploads/2019/06/the-british-small-animal-veterinary-association.webp,https://www.exeterpremedia.com/wp-content/uploads/2019/06/the-british-small-animal-veterinary-association.webp
https://www.exeterpremedia.com/wp-content/uploads/2019/06/royal-college-of-general-practitioners.webp,https://www.exeterpremedia.com/wp-content/uploads/2019/06/royal-college-of-general-practitioners.webp
https://www.exeterpremedia.com/wp-content/uploads/2019/06/cabi.webp,https://www.exeterpremedia.com/wp-content/uploads/2019/06/cabi.webp
https://www.exeterpremedia.com/making-collaboration-work/,https://www.exeterpremedia.com/making-collaboration-work/
https://www.exeterpremedia.com/wp-content/uploads/2019/06/microbiology-society.webp,https://www.exeterpremedia.com/wp-content/uploads/2019/06/microbiology-society.webp
https://www.exeterpremedia.com/wp-content/uploads/2019/06/taylor-and-francis.webp,https://www.exeterpremedia.com/wp-content/uploads/2019/06/taylor-and-francis.webp
https://www.exeterpremedia.com/wp-content/uploads/2019/06/bolinda-publishing-llc.webp,https://www.exeterpremedia.com/wp-content/uploads/2019/06/bolinda-publishing-llc.webp
https://www.exeterpremedia.com/wp-content/uploads/2019/06/brill.webp,https://www.exeterpremedia.com/wp-content/uploads/2019/06/brill.webp
https://www.exeterpremedia.com/the-death-of-the-pdf/,https://www.exeterpremedia.com/the-death-of-the-pdf/
https://www.exeterpremedia.com/wp-content/uploads/2019/06/royal-college-of-surgeons.webp,https://www.exeterpremedia.com/wp-content/uploads/2019/06/royal-college-of-surgeons.webp
https://www.exeterpremedia.com/contact-us/,https://www.exeterpremedia.com/contact-us/
https://www.exeterpremedia.com/news/,https://www.exeterpremedia.com/news/
https://www.exeterpremedia.com/client/,https://www.exeterpremedia.com/client/
https://www.exeterpremedia.com/exeter-privacy-policy/,https://www.exeterpremedia.com/exeter-privacy-policy/
https://www.exeterpremedia.com/services/#Project_Management,https://www.exeterpremedia.com/services/#Project_Management
https://www.exeterpremedia.com/services/#Data_Services,https://www.exeterpremedia.com/services/#Data_Services
https://www.exeterpremedia.com/wp-content/uploads/2019/06/wit-press.webp,https://www.exeterpremedia.com/wp-content/uploads/2019/06/wit-press.webp
https://www.exeterpremedia.com/2018/04/,https://www.exeterpremedia.com/2018/04/
https://www.exeterpremedia.com/services/#Artwork,https://www.exeterpremedia.com/services/#Artwork
https://www.exeterpremedia.com/wp-content/uploads/2019/06/bsi-group.webp,https://www.exeterpremedia.com/wp-content/uploads/2019/06/bsi-group.webp
https://www.exeterpremedia.com/wp-content/uploads/2019/06/elife-science-publications-ltd.webp,https://www.exeterpremedia.com/wp-content/uploads/2019/06/elife-science-publications-ltd.webp
https://www.exeterpremedia.com/2019/02/,https://www.exeterpremedia.com/2019/02/
https://www.exeterpremedia.com/wp-content/uploads/2019/06/summer-game-books.webp,https://www.exeterpremedia.com/wp-content/uploads/2019/06/summer-game-books.webp
https://www.exeterpremedia.com/wp-content/uploads/2019/06/rosen-publishing.webp,https://www.exeterpremedia.com/wp-content/uploads/2019/06/rosen-publishing.webp
https://www.exeterpremedia.com/,https://www.exeterpremedia.com/
https://www.exeterpremedia.com/wp-content/uploads/2019/06/business-expert-press.webp,https://www.exeterpremedia.com/wp-content/uploads/2019/06/business-expert-press.webp
https://www.exeterpremedia.com/terms-and-conditions/,https://www.exeterpremedia.com/terms-and-conditions/
https://www.exeterpremedia.com/2018/02/,https://www.exeterpremedia.com/2018/02/
https://www.exeterpremedia.com/wp-content/uploads/2019/06/sage-publishing.webp,https://www.exeterpremedia.com/wp-content/uploads/2019/06/sage-publishing.webp
https://www.exeterpremedia.com/wp-content/uploads/2019/06/momentum-press.webp,https://www.exeterpremedia.com/wp-content/uploads/2019/06/momentum-press.webp
https://www.exeterpremedia.com/blog/,https://www.exeterpremedia.com/blog/
https://www.exeterpremedia.com,https://twitter.com/Exeter_Premedia
https://www.exeterpremedia.com,https://www.linkedin.com/feed/hashtag/?keywords=%23FrankfurtBookFair2019
https://www.exeterpremedia.com,https://www.linkedin.com/feed/hashtag/?keywords=%23Kriya
https://www.exeterpremedia.com,https://www.linkedin.com/feed/hashtag/?keywords=%23AcademicPublishing
https://www.exeterpremedia.com,https://www.linkedin.com/company/exeter-premedia-services
https://www.exeterpremedia.com,https://www.linkedin.com/feed/hashtag/?keywords=%23Books
https://www.exeterpremedia.com,https://www.linkedin.com/feed/hashtag/?keywords=%23YetAnotherHackathon
https://www.exeterpremedia.com,https://www.instagram.com/exeterpremedia/
https://www.exeterpremedia.com,https://www.linkedin.com/feed/hashtag/?keywords=%23AutomationPlatform
https://www.exeterpremedia.com,https://www.linkedin.com/feed/hashtag/?keywords=%23DigitalSolution
https://www.exeterpremedia.com,https://www.linkedin.com/feed/hashtag/?keywords=%23MarkupUK2019
https://www.exeterpremedia.com,https://www.facebook.com/exeterpremediaservices
https://www.exeterpremedia.com,https://www.linkedin.com/feed/hashtag/?keywords=%23ExeterPremedia
https://www.exeterpremedia.com,"https://www.linkedin.com/feed/hashtag/?keywords=%23CloudPublishing"""""
https://www.exeterpremedia.com,https://www.linkedin.com/in/augustine-k/
https://www.exeterpremedia.com,https://www.linkedin.com/feed/hashtag/?keywords=%23HappyAuthors
https://www.exeterpremedia.com,https://www.linkedin.com/feed/hashtag/?keywords=%23PublishingServices
https://www.exeterpremedia.com,https://www.linkedin.com/company/markup-uk/
https://www.exeterpremedia.com,https://www.kriyadocs.com/
https://www.exeterpremedia.com,https://www.linkedin.com/feed/hashtag/?keywords=%23Exeter
https://www.exeterpremedia.com,https://www.linkedin.com/in/jaishankarn/
https://www.exeterpremedia.com,https://www.linkedin.com/feed/hashtag/?keywords=%23YAH
https://www.exeterpremedia.com,https://www.linkedin.com/feed/hashtag/?keywords=%23Fbf19
https://www.exeterpremedia.com,https://www.linkedin.com/in/parivalavan-manoharan/
https://www.exeterpremedia.com,https://www.linkedin.com/feed/hashtag/?keywords=%23ScholarlyPublishing
https://www.exeterpremedia.com,https://www.linkedin.com/feed/hashtag/?keywords=%23Markup
https://www.exeterpremedia.com,https://www.linkedin.com/feed/hashtag/?keywords=%23SVCE
https://www.exeterpremedia.com,http://twitter.com//statuses/
https://www.exeterpremedia.com,https://careers.exeterpremedia.com/jobs/Careers
https://www.exeterpremedia.com,https://www.linkedin.com/feed/hashtag/?keywords=%23Journals
https://www.exeterpremedia.com,https://www.linkedin.com/company/2081042/admin/
https://www.exeterpremedia.com,https://www.linkedin.com/in/ravi-venkataramani-8558534/
https://www.exeterpremedia.com,https://www.linkedin.com/feed/hashtag/?keywords=%23Acmsvce
https://www.exeterpremedia.com,https://www.linkedin.com/feed/hashtag/?keywords=%23Epublishing
